{"cameraMode":{"drawMode":0,"name":"Shaded","section":"Shading Mode"},"sceneLighting":true,"audioPlay":false,"sceneViewState":{"m_AlwaysRefresh":false,"showFog":true,"showSkybox":true,"showFlares":true,"showImageEffects":true,"showParticleSystems":true,"showVisualEffectGraphs":true,"m_FxEnabled":true},"in2DMode":false,"pivot":{"x":-17.816925048828126,"y":-24.413196563720704,"z":2.134073257446289},"rotation":{"x":-0.01414666697382927,"y":0.5314935445785523,"z":0.007943757809698582,"w":0.8469107151031494},"size":2.4008467197418215,"orthographic":false}