{"cameraMode":{"drawMode":0,"name":"Shaded","section":"Shading Mode"},"sceneLighting":true,"audioPlay":false,"sceneViewState":{"m_AlwaysRefresh":false,"showFog":true,"showSkybox":true,"showFlares":true,"showImageEffects":true,"showParticleSystems":true,"showVisualEffectGraphs":true,"m_FxEnabled":true},"in2DMode":false,"pivot":{"x":11.884526252746582,"y":1.5378999710083008,"z":6.602330207824707},"rotation":{"x":-0.01414666697382927,"y":0.5314935445785523,"z":0.007943757809698582,"w":0.8469107151031494},"size":8.635689735412598,"orthographic":false}