{"cameraMode":{"drawMode":0,"name":"Shaded","section":"Shading Mode"},"sceneLighting":true,"audioPlay":false,"sceneViewState":{"m_AlwaysRefresh":false,"showFog":true,"showSkybox":true,"showFlares":true,"showImageEffects":true,"showParticleSystems":true,"showVisualEffectGraphs":true,"m_FxEnabled":true},"in2DMode":false,"pivot":{"x":-68.16294860839844,"y":-129.10281372070313,"z":63.208282470703128},"rotation":{"x":-0.01414666697382927,"y":0.5314935445785523,"z":0.007943757809698582,"w":0.8469107151031494},"size":2.4252800941467287,"orthographic":false}